Entity,Code,Year,Share of one person households (%)
Afghanistan,AFG,2015,0.189425072
Albania,ALB,2011,8.274421193
Angola,AGO,2007,4.082941892
Angola,AGO,2011,6.603705049
Angola,AGO,2016,10.81314627
Argentina,ARG,1970,10.25626207
Argentina,ARG,1980,10.38154609
Argentina,ARG,2001,14.88346843
Argentina,ARG,2010,17.59833909
Armenia,ARM,2000,8.410597501
Armenia,ARM,2005,13.06479534
Armenia,ARM,2010,15.26327762
Aruba,ABW,2010,21.36749684
Australia,AUS,1996,22.1
Australia,AUS,2001,22.9
Australia,AUS,2011,24.4
Australia,AUS,2016,24.9918519
Austria,AUT,2003,31.6
Austria,AUT,2004,34.1
Austria,AUT,2005,34.5
Austria,AUT,2006,34.7
Austria,AUT,2007,35
Austria,AUT,2008,35.3
Austria,AUT,2009,35.7
Austria,AUT,2010,36
Austria,AUT,2011,36.2
Austria,AUT,2012,36.5
Austria,AUT,2013,36.7
Austria,AUT,2014,37
Austria,AUT,2015,37.2
Austria,AUT,2016,37
Austria,AUT,2017,37
Austria,AUT,2018,37.2
Azerbaijan,AZE,2009,6.766349797
Bahamas,BHS,2010,17.73097958
Bangladesh,BGD,1994,1.545442896
Bangladesh,BGD,1997,1.883779236
Bangladesh,BGD,2000,1.5271554
Bangladesh,BGD,2004,1.702454098
Bangladesh,BGD,2007,2.257475128
Bangladesh,BGD,2011,1.735012545
Bangladesh,BGD,2014,1.738486814
Belarus,BLR,1999,26.15616081
Belarus,BLR,2009,29.65364786
Belgium,BEL,2003,33
Belgium,BEL,2004,32.4
Belgium,BEL,2005,33.9
Belgium,BEL,2006,33.5
Belgium,BEL,2007,34.1
Belgium,BEL,2008,34.8
Belgium,BEL,2009,34.6
Belgium,BEL,2010,34.6
Belgium,BEL,2011,34.9
Belgium,BEL,2012,34.9
Belgium,BEL,2013,34.5
Belgium,BEL,2014,34.3
Belgium,BEL,2015,34.6
Belgium,BEL,2016,34.1
Belgium,BEL,2017,34
Belgium,BEL,2018,34.7
Benin,BEN,1996,8.703389939
Benin,BEN,2001,11.85959957
Benin,BEN,2006,10.50150165
Benin,BEN,2012,10.26512972
Bermuda,BMU,2000,27.87498012
Bermuda,BMU,2010,28.87493964
Bolivia,BOL,1994,8.234653737
Bolivia,BOL,1998,10.00911794
Bolivia,BOL,2003,12.12090141
Bolivia,BOL,2008,12.76075304
Botswana,BWA,1981,10.82652881
Botswana,BWA,1991,18.04127444
Botswana,BWA,2001,23.27897208
Botswana,BWA,2011,27.89102064
Brazil,BRA,1960,4.84925574
Brazil,BRA,1970,5.214227261
Brazil,BRA,1980,6.12647022
Brazil,BRA,1991,6.668220469
Brazil,BRA,2000,8.929955111
Brazil,BRA,2010,12.00075542
Brunei,BRN,2011,7.216026496
Bulgaria,BGR,2005,18.6
Bulgaria,BGR,2006,18.6
Bulgaria,BGR,2007,21.1
Bulgaria,BGR,2008,18.4
Bulgaria,BGR,2009,19.1
Bulgaria,BGR,2010,19.4
Bulgaria,BGR,2011,19.9
Bulgaria,BGR,2012,21.6
Bulgaria,BGR,2013,22.4
Bulgaria,BGR,2014,24.2
Bulgaria,BGR,2015,28.9
Bulgaria,BGR,2016,30.6
Bulgaria,BGR,2017,31
Bulgaria,BGR,2018,33.3
Burkina Faso,BFA,1993,5.025886644
Burkina Faso,BFA,1999,4.390338573
Burkina Faso,BFA,2003,6.14808834
Burkina Faso,BFA,2010,6.326637238
Burkina Faso,BFA,2014,6.640298513
Burundi,BDI,2010,5.771999952
Burundi,BDI,2012,6.191147209
Burundi,BDI,2016,6.042050951
Cambodia,KHM,2000,1.865142063
Cambodia,KHM,2005,2.949574311
Cambodia,KHM,2010,2.833942987
Cambodia,KHM,2014,3.37234042
Cameroon,CMR,1991,14.18673138
Cameroon,CMR,1998,12.70167367
Cameroon,CMR,2004,17.60038526
Cameroon,CMR,2011,15.14269148
Canada,CAN,2001,25.74493156
Canada,CAN,2006,26.75021528
Canada,CAN,2011,27.57617707
Central African Republic,CAF,1994,13.50336163
Chad,TCD,1997,9.559245282
Chad,TCD,2004,8.028637267
Chad,TCD,2015,7.732240271
Chile,CHL,1970,5.691567639
Chile,CHL,1982,6.945170983
Chile,CHL,1992,8.316079008
Chile,CHL,2002,11.42539368
China,CHN,1982,7.993996544
China,CHN,1990,6.318387325
China,CHN,2000,8.589161342
Colombia,COL,1990,6.624852222
Colombia,COL,1995,6.390415956
Colombia,COL,2000,7.672811586
Colombia,COL,2005,7.650872912
Colombia,COL,2010,9.438077262
Colombia,COL,2015,11.1259082
Comoros,COM,1996,2.31316726
Comoros,COM,2012,4.910657195
Congo,COG,2005,8.861331316
Congo,COG,2009,12.26820632
Congo,COG,2011,13.08864795
Costa Rica,CRI,1973,4.732385848
Costa Rica,CRI,1984,5.364396188
Costa Rica,CRI,2000,8.001707586
Costa Rica,CRI,2011,11.2267724
Cote d'Ivoire,CIV,1994,13.88433708
Cote d'Ivoire,CIV,1998,11.40531471
Cote d'Ivoire,CIV,2005,11.44494507
Cote d'Ivoire,CIV,2012,12.17714645
Croatia,HRV,2010,24.6
Croatia,HRV,2011,24.6
Croatia,HRV,2012,24.6
Croatia,HRV,2013,24.6
Croatia,HRV,2014,24.6
Croatia,HRV,2015,24.6
Croatia,HRV,2016,24.6
Croatia,HRV,2017,24.3
Croatia,HRV,2018,24.4
Cuba,CUB,2002,13.73013554
Cyprus,CYP,2005,16
Cyprus,CYP,2006,16
Cyprus,CYP,2007,16
Cyprus,CYP,2008,20.8
Cyprus,CYP,2009,20.8
Cyprus,CYP,2010,20.8
Cyprus,CYP,2011,20.8
Cyprus,CYP,2012,20.7
Cyprus,CYP,2013,20.8
Cyprus,CYP,2014,20.8
Cyprus,CYP,2015,20.7
Cyprus,CYP,2016,20.8
Cyprus,CYP,2017,20.8
Cyprus,CYP,2018,20.8
Czech Republic,CZE,2005,22.8
Czech Republic,CZE,2006,23.7
Czech Republic,CZE,2007,23.8
Czech Republic,CZE,2008,24.8
Czech Republic,CZE,2009,24.5
Czech Republic,CZE,2010,23.5
Czech Republic,CZE,2011,23.7
Czech Republic,CZE,2012,27.2
Czech Republic,CZE,2013,27.8
Czech Republic,CZE,2014,27.9
Czech Republic,CZE,2015,27.9
Czech Republic,CZE,2016,28.4
Czech Republic,CZE,2017,28.3
Czech Republic,CZE,2018,28.7
Democratic Republic of Congo,COD,2007,6.727813033
Democratic Republic of Congo,COD,2013,7.253944633
Denmark,DNK,2003,43.8
Denmark,DNK,2004,43.5
Denmark,DNK,2005,43.7
Denmark,DNK,2006,43.9
Denmark,DNK,2007,44.3
Denmark,DNK,2008,45.8
Denmark,DNK,2009,46.1
Denmark,DNK,2010,46.2
Denmark,DNK,2011,44
Denmark,DNK,2012,44.2
Denmark,DNK,2013,45.1
Denmark,DNK,2014,45
Denmark,DNK,2015,45
Denmark,DNK,2016,44.8
Denmark,DNK,2017,43.4
Denmark,DNK,2018,44.1
Dominican Republic,DOM,1996,8.312300349
Dominican Republic,DOM,1999,8.146564136
Dominican Republic,DOM,2002,11.03890575
Dominican Republic,DOM,2007,12.22506648
Dominican Republic,DOM,2013,14.33210278
EU average,,2011,30.67809149
East Germany,OWID_GDR,1950,21.67
East Germany,OWID_GDR,1964,27.22
East Germany,OWID_GDR,1971,25.98
East Germany,OWID_GDR,1981,26.55
Ecuador,ECU,1974,6.938578841
Ecuador,ECU,1982,7.687129694
Ecuador,ECU,1990,7.636873528
Ecuador,ECU,2001,9.157058138
Ecuador,ECU,2010,12.12348666
Egypt,EGY,1992,4.613305956
Egypt,EGY,1995,5.403063128
Egypt,EGY,2000,4.973597495
Egypt,EGY,2003,5.762410306
Egypt,EGY,2005,5.2738374
Egypt,EGY,2008,5.479661745
Egypt,EGY,2014,6.478594966
El Salvador,SLV,1992,7.551529044
El Salvador,SLV,2007,8.822713598
Estonia,EST,2004,32
Estonia,EST,2005,31.1
Estonia,EST,2006,33.2
Estonia,EST,2007,33.6
Estonia,EST,2008,34.4
Estonia,EST,2009,34.2
Estonia,EST,2010,34.5
Estonia,EST,2011,34.9
Estonia,EST,2012,36
Estonia,EST,2013,36
Estonia,EST,2014,36
Estonia,EST,2015,36.3
Estonia,EST,2016,38
Estonia,EST,2017,39.7
Estonia,EST,2018,40.3
Ethiopia,ETH,2000,5.125731809
Ethiopia,ETH,2005,5.001709092
Ethiopia,ETH,2011,7.575711552
Ethiopia,ETH,2016,7.521216404
European Union (28 countries),,2010,30.9
European Union (28 countries),,2011,31.1
European Union (28 countries),,2012,31.2
European Union (28 countries),,2013,31.6
European Union (28 countries),,2014,32
European Union (28 countries),,2015,32.3
European Union (28 countries),,2016,32.5
European Union (28 countries),,2017,32.8
European Union (28 countries),,2018,33
Eurozone average,,2011,30.77480446
Fiji,FJI,1976,3.205128205
Fiji,FJI,1986,3.619322278
Fiji,FJI,1996,3.98353565
Fiji,FJI,2007,5.546852335
Finland,FIN,2004,37.9
Finland,FIN,2005,38.3
Finland,FIN,2006,38.5
Finland,FIN,2007,38.5
Finland,FIN,2008,39.2
Finland,FIN,2009,39.8
Finland,FIN,2010,39.5
Finland,FIN,2011,40.1
Finland,FIN,2012,40.2
Finland,FIN,2013,40.3
Finland,FIN,2014,40.8
Finland,FIN,2015,40.9
Finland,FIN,2016,41.3
Finland,FIN,2017,41.6
Finland,FIN,2018,43
France,FRA,2004,32.8
France,FRA,2005,31.4
France,FRA,2006,31.2
France,FRA,2007,33.9
France,FRA,2008,34.6
France,FRA,2009,34.4
France,FRA,2010,35.3
France,FRA,2011,34.2
France,FRA,2012,34.7
France,FRA,2013,35.2
France,FRA,2014,35.4
France,FRA,2015,35.9
France,FRA,2016,35.7
France,FRA,2017,36
France,FRA,2018,36.2
French Polynesia,PYF,2007,13.17600787
Gabon,GAB,2000,19.28867044
Gabon,GAB,2012,22.42201356
Gambia,GMB,2013,8.385145997
Georgia,GEO,2002,16.30066331
German Reich,,1864,10.72
German Reich,,1867,7.12
German Reich,,1871,5.57
German Reich,,1875,5.65
German Reich,,1880,5.66
German Reich,,1885,6.22
German Reich,,1890,6.67
German Reich,,1895,6.8
German Reich,,1900,7.15
German Reich,,1905,7.31
German Reich,,1910,7.32
German Reich,,1925,6.72
German Reich,,1933,8.38
German Reich,,1939,9.76
Germany,DEU,2005,37.1
Germany,DEU,2006,38.1
Germany,DEU,2007,38.4
Germany,DEU,2008,39.1
Germany,DEU,2009,39.5
Germany,DEU,2010,39.8
Germany,DEU,2011,40.1
Germany,DEU,2012,40.2
Germany,DEU,2013,40.2
Germany,DEU,2014,40.5
Germany,DEU,2015,41.2
Germany,DEU,2016,40.8
Germany,DEU,2017,41.5
Germany,DEU,2018,41.7
Ghana,GHA,1993,24.31642304
Ghana,GHA,1999,26.1342729
Ghana,GHA,2003,20.76049926
Ghana,GHA,2008,21.92913739
Ghana,GHA,2014,25.87767982
Greece,GRC,2003,19.7
Greece,GRC,2004,19.7
Greece,GRC,2005,19.8
Greece,GRC,2006,19.8
Greece,GRC,2007,20
Greece,GRC,2008,20.1
Greece,GRC,2009,20.2
Greece,GRC,2010,20.3
Greece,GRC,2011,20.4
Greece,GRC,2012,20.6
Greece,GRC,2013,25.7
Greece,GRC,2014,25.7
Greece,GRC,2015,25.7
Greece,GRC,2016,25.7
Greece,GRC,2017,25.7
Greece,GRC,2018,25.7
Guatemala,GTM,1995,3.798205227
Guatemala,GTM,1999,4.095099119
Guatemala,GTM,2015,4.326958785
Guinea,GIN,1999,4.642497932
Guinea,GIN,2005,5.404126666
Guinea,GIN,2012,4.531494181
Guyana,GUY,2005,9.695523994
Guyana,GUY,2009,12.87004026
Haiti,HTI,1994,8.072025276
Haiti,HTI,2000,8.199069513
Haiti,HTI,2006,8.616712165
Haiti,HTI,2012,9.885876923
Honduras,HND,2006,5.523961152
Honduras,HND,2012,6.687692161
Hong Kong,HKG,2006,16.5122571
Hong Kong,HKG,2011,17.05879274
Hungary,HUN,2005,29
Hungary,HUN,2006,24.7
Hungary,HUN,2007,24.4
Hungary,HUN,2008,24.1
Hungary,HUN,2009,24.1
Hungary,HUN,2010,23.9
Hungary,HUN,2011,29.9
Hungary,HUN,2012,31
Hungary,HUN,2013,32
Hungary,HUN,2014,32.3
Hungary,HUN,2015,33
Hungary,HUN,2016,33.8
Hungary,HUN,2017,33.8
Hungary,HUN,2018,33.2
Iceland,ISL,2004,29.5
Iceland,ISL,2005,28.7
Iceland,ISL,2006,27.4
Iceland,ISL,2007,27.5
Iceland,ISL,2008,29.3
Iceland,ISL,2009,30.3
Iceland,ISL,2010,31.2
Iceland,ISL,2011,30.9
Iceland,ISL,2012,31.1
Iceland,ISL,2013,29.3
Iceland,ISL,2014,29.3
Iceland,ISL,2015,31.1
Iceland,ISL,2016,31
India,IND,1983,7.817784281
India,IND,1987,7.240799153
India,IND,1993,6.946856583
India,IND,1999,6.562453743
India,IND,2004,6.919352908
India,IND,2009,7.664429863
Indonesia,IDN,1971,4.667492608
Indonesia,IDN,1976,4.668445889
Indonesia,IDN,1980,4.641785932
Indonesia,IDN,1985,4.880121883
Indonesia,IDN,1990,5.419497167
Indonesia,IDN,1995,5.697882449
Indonesia,IDN,2000,6.676955657
Indonesia,IDN,2005,6.033661636
Indonesia,IDN,2010,8.258493216
Iran,IRN,2006,5.204606365
Iran,IRN,2011,7.161897448
Iraq,IRQ,1997,1.226552676
Ireland,IRL,2003,21.7
Ireland,IRL,2004,21.4
Ireland,IRL,2005,21.7
Ireland,IRL,2006,21.9
Ireland,IRL,2007,21.4
Ireland,IRL,2008,21.7
Ireland,IRL,2009,21.8
Ireland,IRL,2010,22.3
Ireland,IRL,2011,21.7
Ireland,IRL,2012,21.9
Ireland,IRL,2013,22.1
Ireland,IRL,2014,21.4
Ireland,IRL,2015,22.8
Ireland,IRL,2016,23.5
Ireland,IRL,2017,24.3
Israel,ISR,1972,12.35974909
Israel,ISR,1983,17.53003921
Israel,ISR,1995,19.65662802
Italy,ITA,2004,26.8
Italy,ITA,2005,27.5
Italy,ITA,2006,27.9
Italy,ITA,2007,28.7
Italy,ITA,2008,29.3
Italy,ITA,2009,29.8
Italy,ITA,2010,30.3
Italy,ITA,2011,30.3
Italy,ITA,2012,31.6
Italy,ITA,2013,32.5
Italy,ITA,2014,32.9
Italy,ITA,2015,32.1
Italy,ITA,2016,32.4
Italy,ITA,2017,32.3
Italy,ITA,2018,32.6
Jamaica,JAM,1982,19.19385425
Jamaica,JAM,1991,19.74721392
Jamaica,JAM,2001,23.30160762
Japan,JPN,1960,16.51434708
Japan,JPN,1970,20.25758362
Japan,JPN,1975,19.53020859
Japan,JPN,1980,19.83397675
Japan,JPN,1985,20.78630638
Japan,JPN,1990,23.08716583
Japan,JPN,1995,25.60229683
Japan,JPN,2000,27.59867477
Japan,JPN,2005,29.4666481
Japan,JPN,2010,32.37607956
Japan,JPN,2015,34.5345993
Jordan,JOR,1997,4.682568451
Jordan,JOR,2002,4.544476743
Jordan,JOR,2007,5.279055394
Jordan,JOR,2009,4.601669512
Jordan,JOR,2012,4.350425966
Kazakhstan,KAZ,1995,11.6253231
Kazakhstan,KAZ,1999,13.14019914
Kenya,KEN,1993,14.48191377
Kenya,KEN,1998,15.7811697
Kenya,KEN,2003,13.99101313
Kenya,KEN,2009,14.8806381
Kenya,KEN,2014,19.29013718
Kenya,KEN,2015,21.60137431
Kyrgyzstan,KGZ,1999,9.337902338
Kyrgyzstan,KGZ,2009,8.548256687
Latvia,LVA,2005,25.3
Latvia,LVA,2006,25.3
Latvia,LVA,2007,26.6
Latvia,LVA,2008,28.4
Latvia,LVA,2009,29.7
Latvia,LVA,2010,29.3
Latvia,LVA,2011,30.9
Latvia,LVA,2012,30.7
Latvia,LVA,2013,30.4
Latvia,LVA,2014,32.3
Latvia,LVA,2015,31
Latvia,LVA,2016,31
Latvia,LVA,2017,33
Latvia,LVA,2018,35
Lesotho,LSO,2004,16.06067118
Lesotho,LSO,2009,18.72795858
Lesotho,LSO,2014,20.66342329
Liberia,LBR,2007,7.328538518
Liberia,LBR,2009,7.04540924
Liberia,LBR,2011,12.64218118
Liberia,LBR,2013,9.665428312
Liechtenstein,LIE,2010,34.1718942
Lithuania,LTU,2005,28.4
Lithuania,LTU,2006,28.1
Lithuania,LTU,2007,27
Lithuania,LTU,2008,30
Lithuania,LTU,2009,30.4
Lithuania,LTU,2010,32.7
Lithuania,LTU,2011,34.2
Lithuania,LTU,2012,35.2
Lithuania,LTU,2013,36.6
Lithuania,LTU,2014,36
Lithuania,LTU,2015,37.7
Lithuania,LTU,2016,38.7
Lithuania,LTU,2017,38.7
Lithuania,LTU,2018,37.7
Luxembourg,LUX,2003,29.3
Luxembourg,LUX,2004,29.3
Luxembourg,LUX,2005,29.3
Luxembourg,LUX,2006,28.9
Luxembourg,LUX,2007,28.9
Luxembourg,LUX,2008,28.9
Luxembourg,LUX,2009,28.9
Luxembourg,LUX,2010,28.9
Luxembourg,LUX,2011,28.9
Luxembourg,LUX,2012,33.3
Luxembourg,LUX,2013,32.9
Luxembourg,LUX,2014,33.3
Luxembourg,LUX,2015,33
Luxembourg,LUX,2016,27.6
Luxembourg,LUX,2017,25.7
Luxembourg,LUX,2018,33.6
Macao,MAC,2011,15.21587642
Macedonia,MKD,2010,9.7
Macedonia,MKD,2011,9.7
Macedonia,MKD,2012,9.6
Macedonia,MKD,2013,9.6
Macedonia,MKD,2014,9.7
Macedonia,MKD,2015,9.7
Macedonia,MKD,2016,9.7
Macedonia,MKD,2017,9.6
Madagascar,MDG,1992,6.572123791
Madagascar,MDG,1997,6.680118504
Madagascar,MDG,2004,7.219479869
Madagascar,MDG,2009,7.120491551
Madagascar,MDG,2011,5.338500402
Malawi,MWI,1992,7.87060207
Malawi,MWI,2000,7.998310707
Malawi,MWI,2004,8.376442411
Malawi,MWI,2010,6.771263411
Malawi,MWI,2014,9.031598612
Malawi,MWI,2015,6.446656931
Malaysia,MYS,1970,8.642685064
Malaysia,MYS,1980,8.92490299
Malaysia,MYS,1991,7.61448575
Malaysia,MYS,2000,7.139491293
Mali,MLI,1996,5.579503837
Mali,MLI,2001,7.348353409
Mali,MLI,2006,5.038954264
Mali,MLI,2012,3.206061544
Malta,MLT,2005,18.6
Malta,MLT,2006,18.9
Malta,MLT,2007,19.6
Malta,MLT,2008,20.2
Malta,MLT,2009,20.9
Malta,MLT,2010,21.5
Malta,MLT,2011,22.1
Malta,MLT,2012,22.6
Malta,MLT,2013,23.4
Malta,MLT,2014,24.2
Malta,MLT,2015,25.2
Malta,MLT,2016,25.8
Malta,MLT,2017,26.3
Malta,MLT,2018,26.9
Mayotte,MYT,2012,14.71089508
Mexico,MEX,1970,4.316164483
Mexico,MEX,1990,4.871502415
Mexico,MEX,1995,5.794888726
Mexico,MEX,2000,6.43639734
Mexico,MEX,2010,9.42463422
Mexico,MEX,2015,10.08021791
Moldova,MDA,2004,20.25371369
Mongolia,MNG,1989,9.296672022
Mongolia,MNG,2000,6.606338212
Montenegro,MNE,2011,18.12663206
Morocco,MAR,1982,7.224319098
Morocco,MAR,1994,5.945524871
Morocco,MAR,2004,5.880234065
Mozambique,MOZ,1997,9.601877067
Mozambique,MOZ,2003,6.647905944
Mozambique,MOZ,2009,9.515043252
Mozambique,MOZ,2011,9.847700695
Myanmar,MMR,2016,5.354498397
Namibia,NAM,1992,8.636336103
Namibia,NAM,2000,9.395000398
Namibia,NAM,2007,14.46713651
Namibia,NAM,2013,17.44637043
Nepal,NPL,1996,3.190334167
Nepal,NPL,2001,3.97986929
Nepal,NPL,2006,5.045855451
Nepal,NPL,2011,4.894019557
Nepal,NPL,2016,6.447971739
Netherlands,NLD,2005,34.6
Netherlands,NLD,2006,35
Netherlands,NLD,2007,35.2
Netherlands,NLD,2008,35.5
Netherlands,NLD,2009,35.8
Netherlands,NLD,2010,36.1
Netherlands,NLD,2011,36.4
Netherlands,NLD,2012,36.7
Netherlands,NLD,2013,37
Netherlands,NLD,2014,36.9
Netherlands,NLD,2015,37.4
Netherlands,NLD,2016,37.8
Netherlands,NLD,2017,38.1
Netherlands,NLD,2018,38.3
New Zealand,NZL,1991,20.22908211
New Zealand,NZL,1996,20.23293304
New Zealand,NZL,2001,23.38380432
New Zealand,NZL,2006,23.02075577
New Zealand,NZL,2013,23.53930473
Nicaragua,NIC,1971,4.209931926
Nicaragua,NIC,1995,3.813954728
Nicaragua,NIC,2005,4.58559197
Niger,NER,1992,4.516281782
Niger,NER,1998,4.809551946
Niger,NER,2006,3.681666699
Niger,NER,2012,3.192584473
Nigeria,NGA,1990,10.99783798
Nigeria,NGA,1999,11.30491763
Nigeria,NGA,2003,11.66963467
Nigeria,NGA,2008,17.78757132
Nigeria,NGA,2010,10.53510562
Nigeria,NGA,2013,15.77620659
Nigeria,NGA,2015,11.50747296
Norway,NOR,2003,40.3
Norway,NOR,2004,41.1
Norway,NOR,2005,40.9
Norway,NOR,2006,43.3
Norway,NOR,2007,43.1
Norway,NOR,2008,41.1
Norway,NOR,2009,40.9
Norway,NOR,2010,41.1
Norway,NOR,2011,41.5
Norway,NOR,2012,41.2
Norway,NOR,2013,41.3
Norway,NOR,2014,40.6
Norway,NOR,2015,44.3
Norway,NOR,2016,44.8
Norway,NOR,2017,47
Norway,NOR,2018,45.8
OECD-32 average,,2011,30.55992676
Pakistan,PAK,1991,2.947397578
Pakistan,PAK,2006,1.272279818
Pakistan,PAK,2013,1.079464084
Palestine,PSE,1997,3.306351565
Palestine,PSE,2007,3.532289796
Panama,PAN,1960,13.09449172
Panama,PAN,1970,12.19630709
Panama,PAN,1980,11.26521507
Panama,PAN,1990,11.70087195
Panama,PAN,2000,12.74208971
Panama,PAN,2010,14.66153913
Paraguay,PRY,1962,11.63089341
Paraguay,PRY,1972,6.208800362
Paraguay,PRY,1982,5.761969621
Paraguay,PRY,1992,7.430100303
Paraguay,PRY,2002,8.088676944
Peru,PER,1991,3.049015941
Peru,PER,1996,6.269220037
Peru,PER,2000,8.228381981
Peru,PER,2005,11.71401961
Peru,PER,2007,11.71401961
Peru,PER,2009,11.43541309
Peru,PER,2010,13.98925341
Peru,PER,2011,13.7809745
Peru,PER,2012,12.90604962
Philippines,PHL,1993,2.77002466
Philippines,PHL,1998,4.074593748
Philippines,PHL,2003,4.144139239
Philippines,PHL,2008,5.250545597
Philippines,PHL,2013,4.967869184
Poland,POL,2005,25.2
Poland,POL,2006,25.1
Poland,POL,2007,25.2
Poland,POL,2008,25.3
Poland,POL,2009,25.3
Poland,POL,2010,25.2
Poland,POL,2011,25.2
Poland,POL,2012,24.4
Poland,POL,2013,24.3
Poland,POL,2014,24.4
Poland,POL,2015,24.7
Poland,POL,2016,24.8
Poland,POL,2017,24.9
Poland,POL,2018,25
Portugal,PRT,2004,16.6
Portugal,PRT,2005,16.6
Portugal,PRT,2006,16.7
Portugal,PRT,2007,17
Portugal,PRT,2008,17.6
Portugal,PRT,2009,17.5
Portugal,PRT,2010,17.7
Portugal,PRT,2011,19.1
Portugal,PRT,2012,19.3
Portugal,PRT,2013,20
Portugal,PRT,2014,21.4
Portugal,PRT,2015,21.8
Portugal,PRT,2016,21.8
Portugal,PRT,2017,22.4
Portugal,PRT,2018,23.1
Puerto Rico,PRI,1970,10.26411514
Puerto Rico,PRI,1980,12.27534602
Puerto Rico,PRI,1990,14.49140263
Puerto Rico,PRI,2000,18.42173904
Puerto Rico,PRI,2005,20.87134965
Puerto Rico,PRI,2010,23.05711871
Romania,ROU,2007,23.3
Romania,ROU,2008,23.4
Romania,ROU,2009,24.3
Romania,ROU,2010,23.9
Romania,ROU,2011,24.8
Romania,ROU,2012,25.2
Romania,ROU,2013,26
Romania,ROU,2014,26.8
Romania,ROU,2015,28
Romania,ROU,2016,29.3
Romania,ROU,2017,29.1
Romania,ROU,2018,29.2
Russia,RUS,2002,22.27498144
Russia,RUS,2010,25.69390194
Rwanda,RWA,1992,5.34079179
Rwanda,RWA,2000,5.994879034
Rwanda,RWA,2005,6.542097526
Rwanda,RWA,2008,8.255909725
Rwanda,RWA,2010,6.539706576
Rwanda,RWA,2012,7.396382111
Rwanda,RWA,2015,8.15135476
Sao Tome and Principe,STP,2012,16.81598743
Senegal,SEN,1993,5.158730159
Senegal,SEN,1997,4.362833656
Senegal,SEN,2005,6.589216079
Senegal,SEN,2006,5.29975765
Senegal,SEN,2008,3.884283821
Senegal,SEN,2011,3.431717486
Senegal,SEN,2013,6.465171934
Senegal,SEN,2014,6.380374024
Senegal,SEN,2015,7.22030784
Senegal,SEN,2016,8.378523978
Serbia,SRB,2013,22.2
Serbia,SRB,2014,22.3
Serbia,SRB,2015,22.3
Serbia,SRB,2016,22.3
Serbia,SRB,2017,22.4
Serbia,SRB,2018,22.3
Sierra Leone,SLE,2008,4.13401144
Sierra Leone,SLE,2013,3.997689256
Singapore,SGP,2000,8.238424636
Singapore,SGP,2010,12.20643675
Sint Maarten (Dutch part),SXM,2011,31.32876925
Slovakia,SVK,2005,23.6
Slovakia,SVK,2006,24.2
Slovakia,SVK,2007,24.5
Slovakia,SVK,2008,24.2
Slovakia,SVK,2009,23.8
Slovakia,SVK,2010,23.1
Slovakia,SVK,2011,24.4
Slovakia,SVK,2012,24.7
Slovakia,SVK,2013,23.5
Slovakia,SVK,2014,25.7
Slovakia,SVK,2015,23.1
Slovakia,SVK,2016,22.2
Slovakia,SVK,2017,22.3
Slovenia,SVN,2005,21.3
Slovenia,SVN,2006,20.4
Slovenia,SVN,2007,20.8
Slovenia,SVN,2008,20.8
Slovenia,SVN,2009,20.8
Slovenia,SVN,2010,27
Slovenia,SVN,2011,27.6
Slovenia,SVN,2012,28.9
Slovenia,SVN,2013,29.7
Slovenia,SVN,2014,29.2
Slovenia,SVN,2015,29.3
Slovenia,SVN,2016,30.3
Slovenia,SVN,2017,29.7
Slovenia,SVN,2018,29.6
South Africa,ZAF,1996,16.22959344
South Africa,ZAF,2001,18.5993172
South Africa,ZAF,2007,18.12737212
South Africa,ZAF,2011,26.80193468
South Korea,KOR,2005,19.957509
South Korea,KOR,2010,23.8887144
South Sudan,SSD,2008,4.32781149
Spain,ESP,2004,23.2
Spain,ESP,2005,21.7
Spain,ESP,2006,22
Spain,ESP,2007,22
Spain,ESP,2008,22.2
Spain,ESP,2009,22.4
Spain,ESP,2010,22.6
Spain,ESP,2011,22.9
Spain,ESP,2012,23.2
Spain,ESP,2013,23.5
Spain,ESP,2014,24.6
Spain,ESP,2015,25.2
Spain,ESP,2016,25.4
Spain,ESP,2017,25.6
Spain,ESP,2018,25.5
Sudan,SDN,2008,5.057340875
Sweden,SWE,2004,41.7
Sweden,SWE,2005,41.8
Sweden,SWE,2006,41.3
Sweden,SWE,2007,39.5
Sweden,SWE,2008,40.2
Sweden,SWE,2009,43.4
Sweden,SWE,2010,41.1
Sweden,SWE,2011,40.7
Sweden,SWE,2012,40.8
Sweden,SWE,2013,41.8
Sweden,SWE,2014,41.7
Sweden,SWE,2015,41.6
Sweden,SWE,2016,41.9
Sweden,SWE,2017,41.2
Sweden,SWE,2018,42.5
Switzerland,CHE,2007,31.2
Switzerland,CHE,2008,31.1
Switzerland,CHE,2009,31.9
Switzerland,CHE,2010,31.3
Switzerland,CHE,2011,32.3
Switzerland,CHE,2012,31.9
Switzerland,CHE,2013,31.7
Switzerland,CHE,2014,36.5
Switzerland,CHE,2015,37.5
Switzerland,CHE,2016,37.8
Switzerland,CHE,2017,37.9
Switzerland,CHE,2018,38.1
Tajikistan,TJK,2012,2.959290743
Tanzania,TZA,1992,8.975127526
Tanzania,TZA,1996,8.934231506
Tanzania,TZA,1999,9.244577922
Tanzania,TZA,2004,8.831081538
Tanzania,TZA,2007,7.917203975
Tanzania,TZA,2010,8.525647089
Tanzania,TZA,2012,8.428410158
Tanzania,TZA,2015,9.632193152
Thailand,THA,1970,3.120396266
Thailand,THA,1980,3.841155891
Thailand,THA,1990,5.00171926
Thailand,THA,2000,8.698742956
Togo,TGO,1998,12.47817234
Togo,TGO,2014,15.65110089
Trinidad and Tobago,TTO,1970,14.36735875
Trinidad and Tobago,TTO,1980,14.02436454
Trinidad and Tobago,TTO,1990,13.72277155
Trinidad and Tobago,TTO,2000,15.18771331
Trinidad and Tobago,TTO,2011,19.21009515
Turkey,TUR,2006,6.1
Turkey,TUR,2007,6.5
Turkey,TUR,2008,6.9
Turkey,TUR,2009,7.7
Turkey,TUR,2011,7.9
Turkey,TUR,2012,8.6
Turkey,TUR,2014,13.8
Turkey,TUR,2015,14.3
Turkey,TUR,2016,14.8
Turkey,TUR,2017,15.3
Uganda,UGA,1995,10.62894836
Uganda,UGA,2000,11.0589633
Uganda,UGA,2006,10.84267703
Uganda,UGA,2009,11.31977307
Uganda,UGA,2011,11.47346109
Uganda,UGA,2014,11.51306933
Uganda,UGA,2016,13.68012832
United Kingdom,GBR,2005,32
United Kingdom,GBR,2006,31.2
United Kingdom,GBR,2007,31.1
United Kingdom,GBR,2008,31.1
United Kingdom,GBR,2009,30.9
United Kingdom,GBR,2010,30.9
United Kingdom,GBR,2011,31.3
United Kingdom,GBR,2012,29
United Kingdom,GBR,2013,28.5
United Kingdom,GBR,2014,28.7
United Kingdom,GBR,2015,28.7
United Kingdom,GBR,2016,29.7
United Kingdom,GBR,2017,29.9
United States,USA,1960,13.10062695
United States,USA,1961,13.27931023
United States,USA,1962,13.64582539
United States,USA,1963,13.571558
United States,USA,1964,13.92901039
United States,USA,1965,15.02716064
United States,USA,1966,15.56860638
United States,USA,1967,15.5310955
United States,USA,1968,16.11826324
United States,USA,1969,16.7181015
United States,USA,1970,17.11487198
United States,USA,1971,17.66957855
United States,USA,1972,18.28094101
United States,USA,1973,18.51254845
United States,USA,1974,19.13568687
United States,USA,1975,19.59926796
United States,USA,1976,20.56212044
United States,USA,1977,20.94898987
United States,USA,1978,21.98474312
United States,USA,1979,22.24363136
United States,USA,1980,22.65029144
United States,USA,1981,22.98950958
United States,USA,1982,23.17094994
United States,USA,1983,22.93906021
United States,USA,1984,23.3634243
United States,USA,1985,23.73803139
United States,USA,1986,23.94130516
United States,USA,1987,23.61224365
United States,USA,1988,24.03641319
United States,USA,1989,24.46191978
United States,USA,1990,24.63817787
United States,USA,1991,25.01272392
United States,USA,1992,25.05931854
United States,USA,1993,24.43116951
United States,USA,1994,24.31441689
United States,USA,1995,24.98434258
United States,USA,1996,24.9932251
United States,USA,1997,25.14601326
United States,USA,1998,25.67786407
United States,USA,1999,25.61372375
United States,USA,2000,25.52313614
United States,USA,2001,26.06714821
United States,USA,2002,26.3273468
United States,USA,2003,26.44817543
United States,USA,2004,26.41607094
United States,USA,2005,26.58920288
United States,USA,2006,26.62347794
United States,USA,2007,26.83538628
United States,USA,2008,27.54424858
United States,USA,2009,27.01547241
United States,USA,2010,26.71391296
United States,USA,2011,27.53341675
United States,USA,2012,27.40907097
United States,USA,2013,27.4132576
United States,USA,2014,27.74103546
United States,USA,2015,27.98526382
United States,USA,2016,28.12611771
United States,USA,2017,27.92812729
United States,USA,2018,28.01247787
Uruguay,URY,1963,11.21698478
Uruguay,URY,1975,14.39234955
Uruguay,URY,1985,14.97694251
Uruguay,URY,1996,16.93861374
Uruguay,URY,2006,19.77890368
Uruguay,URY,2011,23.52356194
Uzbekistan,UZB,1996,5.262791517
Venezuela,VEN,1971,8.232542165
Venezuela,VEN,1981,6.813819578
Venezuela,VEN,1990,6.816226754
Venezuela,VEN,2001,7.562009966
Vietnam,VNM,1989,4.986699995
Vietnam,VNM,1999,4.356472697
Vietnam,VNM,2009,7.281823706
West Germany,OWID_GFR,1950,19.39
West Germany,OWID_GFR,1956,19.17
West Germany,OWID_GFR,1957,18.3
West Germany,OWID_GFR,1961,20.61
West Germany,OWID_GFR,1962,22.35
West Germany,OWID_GFR,1963,22.65
West Germany,OWID_GFR,1964,23.25
West Germany,OWID_GFR,1965,24.25
West Germany,OWID_GFR,1966,23.89
West Germany,OWID_GFR,1967,24.97
West Germany,OWID_GFR,1968,25.15
West Germany,OWID_GFR,1969,25.82
West Germany,OWID_GFR,1970,25.13
West Germany,OWID_GFR,1971,26.72
West Germany,OWID_GFR,1972,26.15
West Germany,OWID_GFR,1973,26.13
West Germany,OWID_GFR,1974,27.19
West Germany,OWID_GFR,1975,27.63
West Germany,OWID_GFR,1976,28.68
West Germany,OWID_GFR,1977,29.22
West Germany,OWID_GFR,1978,29.28
West Germany,OWID_GFR,1979,30.03
West Germany,OWID_GFR,1980,30.2
West Germany,OWID_GFR,1981,30.8
West Germany,OWID_GFR,1982,31.28
West Germany,OWID_GFR,1985,33.61
West Germany,OWID_GFR,1986,34.32
West Germany,OWID_GFR,1987,34.64
West Germany,OWID_GFR,1988,34.9
West Germany,OWID_GFR,1989,35.28
West Germany,OWID_GFR,1990,34.96
Yemen,YEM,1991,3.162343185
Yemen,YEM,2013,1.866618848
Zambia,ZMB,1992,6.59172065
Zambia,ZMB,1996,6.058426918
Zambia,ZMB,2002,6.345220534
Zambia,ZMB,2007,7.729479128
Zambia,ZMB,2013,7.17199096
Zimbabwe,ZWE,1994,13.49857286
Zimbabwe,ZWE,1999,15.56173872
Zimbabwe,ZWE,2005,10.15553456
Zimbabwe,ZWE,2010,11.66068559
Zimbabwe,ZWE,2015,12.37347575